{
  "project_info": {
    "project_number": "381116589097",
    "firebase_url": "https://alpha-basketball.firebaseio.com",
    "project_id": "alpha-basketball",
    "storage_bucket": "alpha-basketball.appspot.com"
  },
  "client": [
    {
      "client_info": {
        "mobilesdk_app_id": "1:381116589097:android:20d801d78d70f0ce",
        "android_client_info": {
          "package_name": "com.vungle.basketball"
        }
      },
      "oauth_client": [
        {
          "client_id": "381116589097-so9qjjj100ae4bnf33c0u1m5sfbn1b76.apps.googleusercontent.com",
          "client_type": 3
        }
      ],
      "api_key": [
        {
          "current_key": "AIzaSyCgJ4BM2v-p6aKgx_QFux2hggF-fcSRQlc"
        }
      ],
      "services": {
        "analytics_service": {
          "status": 1
        },
        "appinvite_service": {
          "status": 1,
          "other_platform_oauth_client": []
        },
        "ads_service": {
          "status": 2
        }
      }
    }
  ],
  "configuration_version": "1"
}