<projectSettings>
  <projectSetting name="GooglePlayServices.AndroidPackageInstallationEnabled" value="True" />
  <projectSetting name="GooglePlayServices.AutoResolutionDisabledWarning" value="True" />
  <projectSetting name="GooglePlayServices.AutoResolverEnabled" value="True" />
  <projectSetting name="GooglePlayServices.ExplodeAars" value="True" />
  <projectSetting name="GooglePlayServices.PatchAndroidManifest" value="True" />
  <projectSetting name="GooglePlayServices.PromptBeforeAutoResolution" value="False" />
  <projectSetting name="GooglePlayServices.UseGradleDaemon" value="False" />
  <projectSetting name="GooglePlayServices.VerboseLogging" value="False" />
</projectSettings>