<!-- Copyright (C) 2018 Google Inc. All Rights Reserved.

FirebaseDatabase iOS and Android Dependencies.
-->

<dependencies>
  <iosPods>
    <iosPod name="Firebase/Database" version="5.18.0" minTargetSdk="8.0">
    </iosPod>
  </iosPods>
  <androidPackages>
    <androidPackage spec="com.google.firebase:firebase-database:16.1.0">
    </androidPackage>
    <androidPackage spec="com.google.firebase:firebase-core:16.0.7">
    </androidPackage>
    <androidPackage spec="com.google.firebase:firebase-database-unity:5.6.0">
      <repositories>
        <repository>Assets/Firebase/m2repository</repository>
      </repositories>
    </androidPackage>
  </androidPackages>
</dependencies>

